{
	"I80 EB @ 3600 W": "http://www.udottraffic.utah.gov/1_devices/aux47.jpeg",
	"400 S @ 300 W ": "http://www.udottraffic.utah.gov/1_devices/aux342.jpeg",
	"I15 SB @ 400 S": "http://www.udottraffic.utah.gov/1_devices/aux116.jpeg",
	"I15 NB @ 600 S": "http://www.udottraffic.utah.gov/1_devices/aux114.jpeg",
	"I15 NB @ 500 S": "http://www.udottraffic.utah.gov/1_devices/aux115.jpeg",
	"North Temple St @ 200 W": "http://www.udottraffic.utah.gov/1_devices/aux181.jpeg",
	"South Temple St @ Main St": "http://www.udottraffic.utah.gov/1_devices/aux428.jpeg",
	"300 W John Stockton Dr US89 @ South Temple St": "http://www.udottraffic.utah.gov/1_devices/aux137.jpeg",
	"500 S University Blvd SR186 @ 1300 E": "http://www.udottraffic.utah.gov/1_devices/aux140.jpeg",
	"500 S University Blvd SR186 @ 1580 E Guardsman Way": "http://www.udottraffic.utah.gov/1_devices/aux138.jpeg",
	"500 S Cesar E Chavez Blvd SR269 @ Main St": "http://www.udottraffic.utah.gov/1_devices/aux138.jpeg",
	"1300 E @ 400 S": "http://www.udottraffic.utah.gov/1_devices/aux15523.jpeg",
	"1300 E Leopard Ln @ 800 S": "http://www.udottraffic.utah.gov/1_devices/aux289.jpeg",
	"700 E SR71 @ 900 S": "http://www.udottraffic.utah.gov/1_devices/aux139.jpeg"
}